{
     "taskMgmtPage": {
	 
	 "customerLoginBtn": {
      "locatorType": "xpath",
      "locatorValue": "//*[@class='btn btn-primary btn-lg'][text()='Customer Login']"
    },
	
    "yourNameSelection": {
      "locatorType": "xpath",
      "locatorValue": "//*[@id='userSelect']/option[2]"
    },
	
	 "loginBtn": {
      "locatorType": "xpath",
      "locatorValue": "//*[@class='btn btn-default'][text()='Login']"
    },
	 "transactionBtn": {
      "locatorType": "css",
      "locatorValue": "body > div > div > div.ng-scope > div > div:nth-child(5) > button:nth-child(1)"
    }

         
 }
}
